"Filename","FileSize","Mean_BubbleSort","Mean_MergeSort","Mean_QuickSort","Mean_SelectionSort","Mean_InsertionSort"
"data3.txt",3,0.00315999999999999,0.00314000000000002,0.00308,0.00303999999999996,0.00313999999999996
"data7.txt",7,0.00330000000000012,0.00314000000000011,0.00322000000000001,0.00311999999999987,0.00310000000000006
"data20.txt",20,0.00325999999999983,0.00310000000000002,0.0030800000000001,0.00317999999999977,0.00326000000000008
"data50.txt",50,0.00317999999999991,0.00314000000000028,0.00313999999999986,0.00321999999999974,0.00310000000000024
"data400.txt",400,0.00371999999999986,0.00324000000000019,0.00331999999999923,0.00335999999999977,0.00342000000000056
"data1000.txt",1000,0.00627999999999972,0.00346000000000018,0.00336000000000006,0.00506000000000036,0.00413999999999987
