"FileSize","Mean_BubbleSort","Lower_BubbleSort","Upper_BubbleSort","Mean_MergeSort","Lower_MergeSort","Upper_MergeSort","Mean_QuickSort","Lower_QuickSort","Upper_QuickSort","Mean_SelectionSort","Lower_SelectionSort","Upper_SelectionSort","Mean_InsertionSort","Lower_InsertionSort","Upper_InsertionSort"
1097,1822.4,1739.97370873314,1904.82629126686,86.2,83.5081365976621,88.8918634023379,41,39.4792783862084,42.5207216137916,512.2,470.392599739946,554.007400260054,101,96.6100548345746,105.389945165425
2981,13608.6,13252.1693246085,13965.0306753915,264.6,202.77435879216,326.42564120784,135,98.1244606104265,171.875539389573,3674.4,3578.31092915224,3770.48907084776,769.4,695.021320870834,843.778679129166
8103,119748.8,117380.197220232,122117.402779768,822.4,682.431363950471,962.368636049529,402.4,314.121269844181,490.678730155819,27159.6,24640.9372063025,29678.2627936975,6216.8,4933.67004744207,7499.92995255793
22026,941031.8,928662.265399975,953401.334600025,2129,2091.33846623303,2166.66153376697,1123.4,1104.45495779956,1142.34504220044,185815.4,182267.203786826,189363.596213174,38575.8,37634.6263064604,39516.9736935396
59874,7223923.6,7200690.57812772,7247156.62187228,6127,6026.19936425215,6227.80063574785,3193.4,3120.77273869201,3266.02726130799,1367699.4,1320996.28101367,1414402.51898633,289076.8,280952.26291215,297201.33708785
162755,53828748,53700532.1242037,53956963.8757963,16860.8,16626.5341639534,17095.0658360466,9119.8,8947.38432379845,9292.21567620155,9923529,9830266.5753701,10016791.4246299,2246523.6,2161568.10258725,2331479.09741275
